table,result,paper,python,abs_diff,status
1,Table1 n,7410.0,7410.0,0.0,match
1,Table1 n_work,1130.0,1130.0,0.0,match
1,Table1 n_10_11,2698.0,2698.0,0.0,match
1,Table1 n_12_13,3108.0,3108.0,0.0,match
1,Table1 n_14_15,1604.0,1604.0,0.0,match
1,Table1 works all,0.152,0.1524966261808367,0.0004966261808367067,match
1,Table1 male all,0.501,0.5014844804318489,0.00048448043184889933,match
1,Table1 head_schooling all,8.603,8.60310391363023,0.0001039136302303234,match
1,Table1 hours_week_a all,3.325,3.325067476383266,6.747638326576322e-05,match
1,Table1 not_forbidden_a all,0.146,0.14601889338731444,1.889338731445034e-05,match
2,Table2 firm_size_ext,4.0,4.0,0.0,match
2,Table2 firm_size_fam,4.0,4.0,0.0,match
2,Table2 wage_ext,6.291,6.29077542983258,0.00022457016742016833,match
2,Table2 wage_fam,18.557,18.557310376009454,0.000310376009455382,match
2,Table2 taxes_ext,0.098,0.09803921568627451,3.921568627450467e-05,match
2,Table2 taxes_fam,0.026,0.025547445255474453,0.0004525547445255462,match
2,Table2 fixed_ext,0.64,0.64,0.0,match
2,Table2 fixed_fam,0.899,0.8987226277372263,0.00027737226277368965,match
2,Table2 agri_ext,0.144,0.144,0.0,match
2,Table2 agri_fam,0.772,0.7718978102189781,0.00010218978102194409,match
2,Table2 n_ext,113.0,113.0,0.0,match
2,Table2 n_fam,1094.0,1094.0,0.0,match
3,Table3 works xxw3,-0.039,-0.03935076080722177,0.00035076080722176717,match
3,Table3 works xxrw3,-0.0,-0.0004708839483968212,0.0004708839483968212,match
3,Table3 hours_week_a xxw3,-0.969,-0.9690538717319996,5.387173199966622e-05,match
3,Table3 hours_week_a xxrw3,0.508,0.5076689421170689,0.00033105788293108507,match
3,Table3 self_employed_a xxw3,-0.002,-0.0019416234173082981,5.837658269170192e-05,match
3,Table3 self_employed_a xxrw3,-0.0,-0.0004482429498242821,0.0004482429498242821,match
3,Table3 wrk_forother_a xxw3,-0.037,-0.03740913738991347,0.0004091373899134734,match
3,Table3 wrk_forother_a xxrw3,-0.0,-2.2640998572544084e-05,2.2640998572544084e-05,match
3,Table3 forbidden_a xxw3,0.004,0.0036622104570680518,0.00033778954293194833,match
3,Table3 forbidden_a xxrw3,0.018,0.01825404597219319,0.0002540459721931919,match
3,Table3 not_forbidden_a xxw3,-0.043,-0.043012971264289816,1.2971264289819706e-05,match
3,Table3 not_forbidden_a xxrw3,-0.019,-0.018724929920590012,0.0002750700794099878,match
3,Table3 lf_participation xxw3,-0.04,-0.040306301907562944,0.00030630190756294334,match
3,Table3 lf_participation xxrw3,0.002,0.001771611380964347,0.00022838861903565297,match
3,Table3 N,11991.0,11991.0,0.0,match
4,Table4 het_time all near,-0.03,-0.03006533390426991,6.53339042699097e-05,match
4,Table4 het_time all far,0.002,0.0018434240835873694,0.00015657591641263062,match
4,Table4 het_time all N,7650.0,7650.0,0.0,match
4,Table4 het_time no_mteps near,-0.074,-0.07431294910965415,0.0003129491096541537,match
4,Table4 het_time no_mteps far,0.002,0.00178742566056371,0.00021257433943628994,match
4,Table4 het_time no_mteps N,2984.0,2984.0,0.0,match
4,Table4 het_dist all near,-0.037,-0.037005057020065256,5.057020065257767e-06,match
4,Table4 het_dist all far,0.009,0.00948576053366653,0.0004857605336665311,match
4,Table4 het_dist all N,7650.0,7650.0,0.0,match
4,Table4 het_dist no_mteps near,-0.103,-0.10254438082904435,0.00045561917095564286,match
4,Table4 het_dist no_mteps far,0.007,0.006603344396624189,0.0003966556033758112,match
4,Table4 het_dist no_mteps N,2984.0,2984.0,0.0,match
5,Table5 wage xxw3,0.103,0.09853868106975765,0.004461318930242347,near
5,Table5 wage xxrw3,-0.012,-0.011690820172365557,0.0003091798276344433,match
5,Table5 wage n,712.0,715.0,3.0,near
1C,Table1C risks_a_all,0.294,0.2938815677927441,0.00011843220725588077,match
1C,Table1C risks_working,0.545,0.544228718275623,0.0007712817243770154,near
1C,Table1C risks_a_10_11,0.246,0.24551730069211172,0.00048269930788827353,match
1C,Table1C risks_a_12_13,0.314,0.3127928855607483,0.0012071144392516997,near
1C,Table1C risks_a_14_15,0.346,0.34608671633973814,8.671633973816872e-05,match
1C,Table1C injury_a_all,0.178,0.17768564605702747,0.00031435394297252284,match
1C,Table1C injury_working,0.324,0.32438064853576654,0.0003806485357665257,match
1C,Table1C injury_a_10_11,0.163,0.16237601713080319,0.0006239828691968208,near
1C,Table1C injury_a_12_13,0.184,0.18348770436215145,0.0005122956378485477,near
1C,Table1C injury_a_14_15,0.194,0.1945593343846241,0.000559334384624105,near
1C,Table1C n_all,3477.0,3477.0,0.0,match
1C,Table1C n_work,1749.0,1749.0,0.0,match
1C,Table1C n_10_11,1343.0,1343.0,0.0,match
1C,Table1C n_12_13,1389.0,1389.0,0.0,match
1C,Table1C n_14_15,745.0,745.0,0.0,match
2B,Table2B risks_ext,0.679,0.6793955773297978,0.0003955773297977805,match
2B,Table2B risks_fam,0.537,0.5361926074430796,0.0008073925569204166,near
2B,Table2B injury_ext,0.447,0.4471221900142572,0.00012219001425717302,match
2B,Table2B injury_fam,0.314,0.3142188051669652,0.00021880516696520802,match
2B,Table2B n_ext,186.0,186.0,0.0,match
2B,Table2B n_fam,1741.0,1741.0,0.0,match
5CL,Table5 risks_a_all xx,-0.008,-0.007491718729521607,0.0005082812704783933,near
5CL,Table5 risks_a_all xx_se,0.017,0.016601685492820824,0.00039831450717917743,match
5CL,Table5 risks_a_all n,8372.0,8363.0,9.0,near
5CL,Table5 risks_a_all mean,0.281,0.2808271636456472,0.0001728363543528344,match
5CL,Table5 risks_a_work xx,-0.038,-0.037286896345653756,0.0007131036543462435,near
5CL,Table5 risks_a_work xx_se,0.035,0.0347929283537512,0.00020707164624880064,match
5CL,Table5 risks_a_work n,2914.0,2914.0,0.0,match
5CL,Table5 risks_a_work mean,0.536,0.5407680168332457,0.004768016833245681,near
5CL,Table5 injury_a_all xx,-0.015,-0.014805982202874594,0.00019401779712540507,match
5CL,Table5 injury_a_all xx_se,0.014,0.01379726629996836,0.00020273370003164037,match
5CL,Table5 injury_a_all n,8411.0,8401.0,10.0,near
5CL,Table5 injury_a_all mean,0.188,0.18496815286624205,0.0030318471337579533,near
5CL,Table5 injury_a_work xx,-0.015,-0.0159374225385531,0.0009374225385531017,near
5CL,Table5 injury_a_work xx_se,0.029,0.029169868045024184,0.0001698680450241824,match
5CL,Table5 injury_a_work n,3208.0,3208.0,0.0,match
5CL,Table5 injury_a_work mean,0.327,0.3270257156720039,2.5715672003878698e-05,match
6,Table6 location_out_fixed_a xxw3,-0.051,-0.05056277465257476,0.00043722534742523383,match
6,Table6 location_out_fixed_a xxrw3,-0.009,-0.008619669329690598,0.00038033067030940164,match
6,Table6 location_out_fixed_a N,11991.0,11991.0,0.0,match
6,Table6 location_out_mobile_a xxw3,0.009,0.008551668768873106,0.0004483312311268934,match
6,Table6 location_out_mobile_a xxrw3,0.005,0.004824697890906748,0.00017530210909325224,match
6,Table6 location_out_mobile_a N,11991.0,11991.0,0.0,match
6,Table6 location_home_a xxw3,0.003,0.0026603450764798873,0.0003396549235201128,match
6,Table6 location_home_a xxrw3,0.003,0.003324087490387027,0.0003240874903870268,match
6,Table6 location_home_a N,11991.0,11991.0,0.0,match
6,Table6 location_out_fixed_a_w xxw3,-0.098,-0.09823542444909653,0.00023542444909652183,match
6,Table6 location_out_fixed_a_w xxrw3,-0.043,-0.043230970858262205,0.0002309708582622083,match
6,Table6 location_out_fixed_a_w N,2323.0,2323.0,0.0,match
6,Table6 location_out_mobile_a_w xxw3,0.078,0.07767941140094524,0.0003205885990547608,match
6,Table6 location_out_mobile_a_w xxrw3,0.022,0.02191599712832262,8.400287167737927e-05,match
6,Table6 location_out_mobile_a_w N,2323.0,2323.0,0.0,match
6,Table6 location_home_a_w xxw3,0.021,0.020556013048149923,0.0004439869518500783,match
6,Table6 location_home_a_w xxrw3,0.021,0.021314973729936442,0.0003149737299364408,match
6,Table6 location_home_a_w N,2323.0,2323.0,0.0,match
6,Table6 number_workers_a_w xxw3,-0.726,-0.6732931649868886,0.05270683501311135,near
6,Table6 number_workers_a_w xxrw3,-0.359,-0.37379189386607925,0.014791893866079264,near
6,Table6 number_workers_a_w N,2250.0,2250.0,0.0,match
